{

   "details": [
       {
			"Experiment": "Designing a text editor",
			"Lab": "Compiler Design Lab",
			"Discipline": "Computer Science Engineering",
			"Technology": "HTML, Javascript, CSS, JQuery"
       }
   ],

   "developer": [
       {
      "Developer": "Dr. Biswajit R Bhowmik",
      "Institute": "National Institute of Technology Karnataka, Surathkal",
      "InstituteAcronym": "NITK"
       }
   ],

   "contributer": [
       {
			"Contributer": "Shashank J Bennehalli",
      "Institute": "National Institute of Technology Karnataka, Surathkal",
      "InstituteAcronym": "NITK"
       },

       {
			"Contributer": "K V Harish Babu",
      "Institute": "National Institute of Technology Karnataka, Surathkal",
      "InstituteAcronym": "NITK"
       },

       {
			"Contributer": "Mohammet Mansoor",
      "Institute": "National Institute of Technology Karnataka, Surathkal",
      "InstituteAcronym": "NITK"
       },

       {
			"Contributer": "Abhishek Kumar Singh",
      "Institute": "National Institute of Technology Karnataka, Surathkal",
      "InstituteAcronym": "NITK"
       }

   ]

}
