[
	{
		"question": "Scanner is also known as:",
		"answers": {
			"a": "Lexical Analyser",
			"b": "Syntax Analyser",
			"c": "Semantic Analyser",
			"d": "None of the above"
		},
		"correctAnswer": "a"
	},
	{
		"question": "What do we put after a character to match strings where that character appears two to four times in sequence?",
		"answers": {
			"a": "{2,4}",
			"b": "{2,-4}",
			"c": "[2,4]",
			"d": "None of the above"
		},
		"correctAnswer": "a"
	},
	{
		"question": "The regular expression \n{4} will match what?",
		"answers": {
			"a": "Any four character sequence",
			"b": " Any four digit sequence",
			"c": "The letter d four times",
			"d": "None of the above"
		},
		"correctAnswer": "b"
	},
	{
		"question": "The output product of scanner is:",
		"answers": {
			"a": "Tokens",
			"b": "Lexemes",
			"c": "Both",
			"d": "None of the above"
		},
		"correctAnswer": "a"
	},
	{
		"question": "A single period (.) in a regular expression, outside of groups of other exceptions, represents what?",
		"answers": {
			"a": "The end of a sentence",
			"b": "Any single character",
			"c": "A space",
			"d": "Any punctuation mark"
		},
		"correctAnswer": "b"
	}
]