[
  {
    "question": "Any regular expression r can be transformed into an 'equivalent' NFA. True or False?",
    "options": {
      "1": "True",
      "2": "False"
    },
    "correct_option": "1"
  },
  {
    "question": "Regular expressions can be used to search-",
    "options": {
      "1": "Images",
      "2": "Text",
      "3": "Videos",
      "4": "None of the above"
    },
    "correct_option": "2"
  },
  {
    "question": "What is something a regular expression CANNOT be used for?",
    "options": {
      "1": "Searching for repetitive characters",
      "2": "Replacing text",
      "3": "Validating equation answers",
      "4": "Validating date formatting"
    },
    "correct_option": "2"
  },
  {
    "question": "What regular expression matches the strings dog or cat?",
    "options": {
      "1": " dog|cat",
      "2": "dog,cat",
      "3": "dog | cat",
      "4": "None of the above"
    },
    "correct_option": "1"
  },
  {
    "question": "Which of the following matches any space, tab, or newline?",
    "options": {
      "1": "\\s",
      "2": "\\b",
      "3": "$",
      "4": "None of the above"
    },
    "correct_option": "1"
  }
]